username,email,password_hash,created_at,last_login
angel1,angel@gmail.com,$2b$12$NtxLIADoiTeDf.n4LHM55eetDy4ffPRc9kIiHoiJ155nLoIFf3kKC,2024-12-15T21:14:04.934287,2024-12-16T01:46:25.462687
alexgsq,makiar100k@gmail.com,$2b$12$b2IRAq1r.21QT3hR2N3yDOQ53rU88zdkPs3HHZEeslP6tZBgikThe,2024-12-17T15:35:05.026524,2024-12-21T17:43:19.085420
alex,alex@gmail.com,$2b$12$RV/HfXm5LB0aDFeSo/lqGeQ8L8vpapPYLmt42RUtq78H/0oD.mTmu,2024-12-21T10:15:36.162338,2024-12-21T15:44:46.006870
jimenez,jimenez@gmail.com,$2b$12$JS5oa0InMnPLwd3E.vyV7.77IB59e.vYPYzTEIQ19SQ5eCGvwQcIK,2024-12-21T22:11:53.503061,2024-12-21T22:12:11.596865
alexgs,alexgs@gmail.com,$2b$12$mmdz5WLuMkArJGQIVpR3deFyHf1tEQngxJ1NjuNSI4jlddU1M4xZy,2024-12-21T22:17:00.072158,2024-12-21T22:29:30.699383
ramos,ramos@gmail.com,$2b$12$NmEI9u2zT7DqYmwtBh6p8OqRMkyNfmDY.x.106ITk7SujBeWpIrNm,2024-12-21T22:31:18.514568,2024-12-21T22:31:30.428604
